run,config,concurrency,request_throughput_rps,output_throughput_tps,total_throughput_tps,ttft_p50_ms,ttft_p99_ms,ttft_mean_ms,itl_p50_ms,itl_p99_ms,itl_mean_ms,tpot_p50_ms,tpot_p99_ms,e2e_p50_ms,e2e_p95_ms,e2e_p99_ms,duration_s,completed,failed,max_concurrency
fp16_mns32_c1,fp16_mns32,1,1.2221154279344173,156.4307747756054,312.8615495512108,35.04653600009533,64.52996248013149,44.037874250018376,6.110123499979636,8.804637229943644,6.0925904255116805,6.093363303148896,6.291489157558478,810.8121935000554,833.5713811998176,851.6123297799868,81.82533148200002,100,0,1
fp16_mns32_c16,fp16_mns32,16,7.040019951844524,901.1225538360991,1802.2451076721982,121.53280049994919,3343.4948380299443,1035.2328967600101,8.481929000026867,17.57924328001446,8.885992236039906,8.766289917323911,9.498639392440966,1230.4212645000234,4479.439324949851,4481.29089300005,14.204505198000106,100,0,16
fp16_mns32_c4,fp16_mns32,4,4.088831251931256,523.3704002472008,1046.7408004944016,47.08772900005442,3477.2591439200755,188.7397916999953,6.192402500005301,9.461382809954559,6.212890543937035,6.201584070866582,6.496334363858038,834.6116515000404,875.7254587000602,4302.3097007101005,24.456866482999885,100,0,4
fp16_mns8_c1,fp16_mns8,1,1.2671018025663587,162.18903072849392,324.37806145698784,34.409900000014204,58.764440309961635,36.89371182000514,5.9377530000119805,8.586190630018109,5.92061326637796,5.901892881889656,6.07880761133876,786.6376310000192,806.4794710500621,815.9486430000192,78.92025707599998,100,0,1
fp16_mns8_c16,fp16_mns8,16,8.061529121852729,1031.8757275971493,2063.7514551942986,1010.0784659999817,1103.679941850022,950.1336175799986,6.84917550006503,26.59421797991627,7.0961872052755535,7.131654854330962,7.555940283858512,1906.1210120000283,2000.8794652000063,2017.4027281600104,12.40459452399989,100,0,16
fp16_mns8_c4,fp16_mns8,4,4.25678953062495,544.8690599199936,1089.7381198399871,55.43749250000474,2781.372814549975,167.76226003999568,6.051671500017619,9.155561379980101,6.073526593936951,6.055571559055195,6.595110427322502,823.5179279999443,857.8088744500064,3618.9518388199326,23.49188262200005,100,0,4
int4_mns32_c1,int4_mns32,1,0.0,0.0,0.0,0.0,0.0,0.0,0.0,0.0,0.0,0.0,0.0,0.0,0.0,0.0,0.23345394900002248,0,100,1
int4_mns32_c16,int4_mns32,16,0.0,0.0,0.0,0.0,0.0,0.0,0.0,0.0,0.0,0.0,0.0,0.0,0.0,0.0,0.14168095199988784,0,100,16
int4_mns32_c4,int4_mns32,4,0.0,0.0,0.0,0.0,0.0,0.0,0.0,0.0,0.0,0.0,0.0,0.0,0.0,0.0,0.13702389299987772,0,100,4
int4_mns8_c1,int4_mns8,1,0.0,0.0,0.0,0.0,0.0,0.0,0.0,0.0,0.0,0.0,0.0,0.0,0.0,0.0,0.19515674300009778,0,100,1
int4_mns8_c16,int4_mns8,16,0.0,0.0,0.0,0.0,0.0,0.0,0.0,0.0,0.0,0.0,0.0,0.0,0.0,0.0,0.12869717500007027,0,100,16
int4_mns8_c4,int4_mns8,4,0.0,0.0,0.0,0.0,0.0,0.0,0.0,0.0,0.0,0.0,0.0,0.0,0.0,0.0,0.14427668400003313,0,100,4
